Province,Annee,PIB_habitant_USD,Couverture_vaccinale_pct,Accouchements_qualified_pct,Eau_potable_pct,Assainissement_pct,Paludisme_incidence_p1000,Anemie_femmes_pct,Nutrition_infantile_pct,Depense_sante_PIB_pct,Distance_hopital_km,Education_filles_pct,Contraception_pct,Temperature_moy_C,Precipitation_mm,Densite_pop_km2,ma3_Mortalite,lag1_Mortalite,Mortalite_infantile_p1000,Vaccination_complete_pct,Province_enc,lag1_Mortalite_p1000,lag1_Vaccination_pct,ma3_Vaccination,lag1_Accouchements_pct,ma3_Accouchements,lag1_Vaccination_complete_pct,ma3_Vaccination_complete_pct,lag1_Accouchements_qualified_pct,ma3_Accouchements_qualified_pct
Addis_Abeba,2014,1848.6,84.41,100.0,95.12,54.79,55.3,4.57,52.2,5.55,14.3,83.04,80.53,22.9,604.0,1441.8,16.505,40.49,19.93,100.0,0,13.08,100.0,100.0,100.0,100.0,100.0,100.0,100.0,100.0
Addis_Abeba,2015,1832.8,87.07,100.0,91.9,62.94,2.5,7.48,50.93,6.01,23.6,86.88,80.87,21.4,643.0,1492.0,16.923333333333332,40.17,17.76,100.0,0,19.93,100.0,100.0,100.0,100.0,100.0,100.0,100.0,100.0
Addis_Abeba,2016,1827.6,86.4,100.0,89.38,56.66,70.6,9.26,51.94,5.91,19.5,87.69,88.61,22.4,1126.0,1418.0,18.923333333333332,42.16,19.08,100.0,0,17.76,100.0,100.0,100.0,100.0,100.0,100.0,100.0,100.0
Addis_Abeba,2017,1864.8,88.62,100.0,87.53,61.04,67.3,3.83,54.64,4.82,15.1,86.55,86.28,21.8,884.0,1414.1,18.433333333333334,42.56,18.46,100.0,0,19.08,100.0,100.0,100.0,100.0,100.0,100.0,100.0,100.0
Addis_Abeba,2018,1801.6,91.57,100.0,96.78,59.81,65.8,0.12,53.64,6.03,0.0,89.01,83.65,21.4,558.0,1451.7,16.746666666666666,40.71,12.7,100.0,0,18.46,100.0,100.0,100.0,100.0,100.0,100.0,100.0,100.0
Addis_Abeba,2019,1815.0,87.96,100.0,91.57,61.98,74.2,0.0,55.44,5.84,10.7,92.73,84.89,18.5,1099.0,1441.2,14.463333333333333,42.43,12.23,100.0,0,12.7,100.0,100.0,100.0,100.0,100.0,100.0,100.0,100.0
Addis_Abeba,2020,1868.3,84.22,100.0,91.09,64.1,63.1,1.88,51.68,5.74,6.8,96.03,84.39,16.2,725.0,1408.8,13.213333333333333,39.14,14.71,100.0,0,12.23,100.0,100.0,100.0,100.0,100.0,100.0,100.0,100.0
Addis_Abeba,2021,1821.4,92.77,100.0,91.22,59.74,0.0,2.83,53.72,5.75,10.7,91.16,87.82,19.4,955.0,1409.9,12.276666666666666,38.8,9.89,100.0,0,14.71,100.0,100.0,100.0,100.0,100.0,100.0,100.0,100.0
Addis_Abeba,2022,1883.8,93.77,100.0,93.18,61.26,82.9,0.41,55.49,6.25,28.6,93.27,88.64,26.6,676.0,1393.9,10.626666666666667,42.07,7.28,100.0,0,9.89,100.0,100.0,100.0,100.0,100.0,100.0,100.0,100.0
Addis_Abeba,2023,1860.7,94.28,100.0,100.0,61.14,19.7,1.68,55.66,6.25,17.6,98.55,83.47,25.3,1105.0,1462.1,8.413333333333334,38.52,8.07,100.0,0,7.28,100.0,100.0,100.0,100.0,100.0,100.0,100.0,100.0
Afar,2014,183.9,19.38,28.13,40.6,17.94,229.8,36.26,7.94,3.71,41.9,30.39,17.84,21.5,465.0,156.1,91.97,92.34,89.94,28.98,1,94.0,24.19,26.585,28.99,28.56,24.19,26.585,28.99,28.56
Afar,2015,182.2,17.13,26.35,41.78,18.51,288.9,34.82,11.46,3.84,48.2,31.77,16.56,19.8,827.0,173.8,93.64999999999999,88.44,97.01,29.48,1,89.94,28.98,27.55,28.13,27.823333333333334,28.98,27.55,28.13,27.823333333333334
Afar,2016,182.2,20.93,32.18,38.29,18.88,210.9,34.34,8.83,4.25,51.1,39.04,21.16,22.6,693.0,169.2,91.24666666666667,90.65,86.79,33.68,1,97.01,29.48,30.713333333333335,26.35,28.886666666666667,29.48,30.713333333333335,26.35,28.886666666666667
Afar,2017,183.9,24.42,26.58,39.39,20.72,245.4,36.05,11.23,4.45,53.4,35.99,19.02,19.9,300.0,150.0,89.16666666666667,92.39,83.7,31.0,1,86.79,33.68,31.386666666666667,32.18,28.37,33.68,31.386666666666667,32.18,28.37
Afar,2018,187.6,18.74,31.94,42.28,18.8,183.0,37.45,10.61,4.23,42.5,33.16,13.01,22.5,688.0,127.4,85.49333333333334,93.76,85.99,31.31,1,83.7,31.0,31.996666666666666,26.58,30.233333333333334,31.0,31.996666666666666,26.58,30.233333333333334
Afar,2019,178.4,23.47,33.87,41.72,16.09,191.2,33.77,12.8,4.42,58.4,37.52,18.71,24.3,859.0,182.0,83.94333333333333,90.26,82.14,29.9,1,85.99,31.31,30.736666666666665,31.94,30.796666666666663,31.31,30.736666666666665,31.94,30.796666666666663
Afar,2020,188.1,29.15,35.33,44.15,20.56,176.3,38.95,13.74,4.23,49.5,40.47,24.55,24.6,909.0,169.4,84.46666666666667,91.31,85.27,31.21,1,82.14,29.9,30.80666666666667,33.87,33.71333333333333,29.9,30.80666666666667,33.87,33.71333333333333
Afar,2021,180.0,25.26,32.4,42.21,22.6,160.2,37.66,12.04,4.62,46.4,41.19,18.33,20.8,708.0,169.7,84.46333333333332,90.79,85.98,30.83,1,85.27,31.21,30.646666666666665,35.33,33.86666666666667,31.21,30.646666666666665,35.33,33.86666666666667
Afar,2022,181.4,21.14,32.95,42.15,22.46,216.4,38.47,14.03,4.51,45.8,36.94,24.87,20.8,613.0,138.7,85.5,91.37,85.25,37.43,1,85.98,30.83,33.156666666666666,32.4,33.559999999999995,30.83,33.156666666666666,32.4,33.559999999999995
Afar,2023,183.6,29.22,36.82,49.3,27.04,236.3,32.24,15.33,4.15,42.0,41.5,25.04,23.0,624.0,166.3,84.19,92.33,81.34,36.83,1,85.25,37.43,35.029999999999994,32.95,34.056666666666665,37.43,35.029999999999994,32.95,34.056666666666665
Amhara,2014,311.1,54.49,48.45,44.59,23.43,176.9,32.76,29.36,4.07,42.3,40.23,22.26,22.1,588.0,218.5,61.3,73.47,57.99,61.92,2,64.61,58.06,59.99,42.5,45.475,58.06,59.99,42.5,45.475
Amhara,2015,300.0,41.79,45.16,40.74,20.27,198.5,38.59,30.73,3.84,31.2,40.02,22.36,23.0,693.0,255.3,62.45666666666667,73.22,64.77,59.1,2,57.99,61.92,59.693333333333335,48.45,45.370000000000005,61.92,59.693333333333335,48.45,45.370000000000005
Amhara,2016,309.8,48.52,44.19,41.7,22.19,169.8,34.97,29.58,4.55,39.7,45.16,20.87,25.4,450.0,253.0,62.050000000000004,70.81,63.39,65.24,2,64.77,59.1,62.086666666666666,45.16,45.93333333333334,59.1,62.086666666666666,45.16,45.93333333333334
Amhara,2017,306.6,43.72,46.83,48.52,22.35,172.8,33.41,34.14,3.38,35.6,46.49,29.57,21.8,552.0,302.9,62.89333333333334,73.02,60.52,61.2,2,63.39,65.24,61.846666666666664,44.19,45.39333333333334,65.24,61.846666666666664,44.19,45.39333333333334
Amhara,2018,306.5,56.35,45.3,38.19,28.63,214.4,36.06,33.23,3.74,43.7,40.91,19.8,22.7,1302.0,184.8,61.43000000000001,72.96,60.38,61.92,2,60.52,61.2,62.78666666666667,46.83,45.44,61.2,62.78666666666667,46.83,45.44
Amhara,2019,306.8,50.53,47.94,47.78,27.78,203.5,34.69,32.75,4.41,51.2,42.11,28.94,22.6,839.0,201.9,60.03000000000001,70.75,59.19,62.19,2,60.38,61.92,61.77,45.3,46.69,61.92,61.77,45.3,46.69
Amhara,2020,319.0,57.59,51.89,38.61,25.51,160.2,31.91,29.06,4.92,40.8,46.71,27.31,26.6,504.0,277.8,59.620000000000005,70.54,59.29,67.19,2,59.19,62.19,63.76666666666666,47.94,48.376666666666665,62.19,63.76666666666666,47.94,48.376666666666665
Amhara,2021,302.3,52.24,51.93,44.0,28.05,172.3,31.66,33.36,3.63,40.7,44.1,26.33,21.6,879.0,260.8,58.22666666666667,70.52,56.2,68.03,2,59.29,67.19,65.80333333333333,51.89,50.586666666666666,67.19,65.80333333333333,51.89,50.586666666666666
Amhara,2022,299.9,56.25,51.83,44.69,31.79,164.6,31.5,33.03,3.53,38.9,46.29,24.6,21.5,949.0,252.6,57.64000000000001,71.49,57.43,65.71,2,56.2,68.03,66.97666666666665,51.93,51.88333333333333,68.03,66.97666666666665,51.93,51.88333333333333
Amhara,2023,306.0,55.45,58.35,44.86,24.07,156.6,34.78,32.23,4.69,40.6,46.22,28.65,22.9,635.0,244.5,54.573333333333345,72.01,50.09,69.06,2,57.43,65.71,67.59999999999998,51.83,54.03666666666667,65.71,67.59999999999998,51.83,54.03666666666667
Benishangul,2014,245.4,40.96,44.76,39.71,24.03,204.9,37.56,18.84,4.98,45.1,37.04,19.6,23.6,683.0,177.5,76.24000000000001,76.23,77.11,45.65,3,75.37,44.59,45.120000000000005,43.32,44.04,44.59,45.120000000000005,43.32,44.04
Benishangul,2015,252.5,33.65,44.56,42.47,21.49,254.8,38.06,23.44,4.02,36.4,37.49,21.59,23.1,366.0,199.8,76.41333333333334,77.58,76.76,47.63,3,77.11,45.65,45.95666666666667,44.76,44.21333333333333,45.65,45.95666666666667,44.76,44.21333333333333
Benishangul,2016,251.2,40.21,43.88,45.08,19.17,208.4,33.96,22.88,4.59,38.3,40.04,15.44,24.9,698.0,201.7,72.34666666666668,79.72,63.17,48.55,3,76.76,47.63,47.276666666666664,44.56,44.400000000000006,47.63,47.276666666666664,44.56,44.400000000000006
Benishangul,2017,250.7,43.38,39.02,43.42,23.92,250.8,33.0,20.73,4.8,48.4,35.7,20.38,22.8,968.0,179.6,69.14,78.78,67.49,44.32,3,63.17,48.55,46.833333333333336,43.88,42.48666666666667,48.55,46.833333333333336,43.88,42.48666666666667
Benishangul,2018,257.8,39.39,41.59,46.39,25.16,258.5,30.82,22.43,3.44,43.2,40.09,24.38,22.1,925.0,221.1,66.17999999999999,77.53,67.88,49.29,3,67.49,44.32,47.38666666666666,39.02,41.49666666666667,44.32,47.38666666666666,39.02,41.49666666666667
Benishangul,2019,261.9,38.95,45.54,39.45,25.81,202.3,33.07,26.13,3.82,45.3,43.29,18.11,23.0,589.0,224.7,68.85000000000001,79.04,71.18,52.62,3,67.88,49.29,48.74333333333333,41.59,42.050000000000004,49.29,48.74333333333333,41.59,42.050000000000004
Benishangul,2020,254.1,38.87,44.01,39.04,20.94,224.0,32.61,21.2,3.53,41.1,41.59,24.23,23.9,905.0,194.3,69.87666666666667,78.77,70.57,51.07,3,71.18,52.62,50.99333333333334,45.54,43.71333333333333,52.62,50.99333333333334,45.54,43.71333333333333
Benishangul,2021,251.0,37.06,48.14,44.65,26.18,197.1,39.22,22.43,4.73,44.7,40.51,25.78,22.8,871.0,202.4,70.40333333333332,81.58,69.46,55.15,3,70.57,51.07,52.946666666666665,44.01,45.89666666666667,51.07,52.946666666666665,44.01,45.89666666666667
Benishangul,2022,261.8,43.75,50.51,41.62,24.61,102.9,35.63,22.72,5.05,45.2,39.27,24.35,19.9,895.0,208.7,67.68666666666667,76.81,63.03,51.18,3,69.46,55.15,52.46666666666666,48.14,47.553333333333335,55.15,52.46666666666666,48.14,47.553333333333335
Benishangul,2023,260.1,44.49,49.67,44.99,30.06,186.4,35.42,21.83,3.82,45.8,46.65,24.23,21.5,719.0,184.0,66.45,75.75,66.86,52.72,3,63.03,51.18,53.01666666666667,50.51,49.44,51.18,53.01666666666667,50.51,49.44
Dire_Dawa,2014,675.2,68.84,79.19,48.45,40.46,149.8,25.71,41.93,4.95,44.7,57.59,38.02,19.9,749.0,529.2,40.894999999999996,50.9,41.88,82.53,4,39.91,78.12,80.325,72.11,75.65,78.12,80.325,72.11,75.65
Dire_Dawa,2015,652.6,67.07,81.54,55.28,34.97,178.6,25.2,38.28,5.06,40.4,49.77,35.38,21.1,503.0,495.5,39.50333333333333,52.38,36.72,78.3,4,41.88,82.53,79.64999999999999,79.19,77.61333333333333,82.53,79.64999999999999,79.19,77.61333333333333
Dire_Dawa,2016,672.1,68.06,77.07,54.84,36.02,151.4,30.28,40.6,3.98,42.8,57.04,45.26,19.6,940.0,507.7,37.53333333333333,50.79,34.0,80.44,4,36.72,78.3,80.42333333333333,81.54,79.26666666666667,78.3,80.42333333333333,81.54,79.26666666666667
Dire_Dawa,2017,649.5,73.18,79.06,56.06,37.71,185.5,23.35,44.73,4.35,44.3,58.39,39.37,19.0,616.0,559.7,36.2,53.12,37.88,85.7,4,34.0,80.44,81.48,77.07,79.22333333333334,80.44,81.48,77.07,79.22333333333334
Dire_Dawa,2018,657.0,71.06,79.52,56.38,32.48,202.5,26.61,40.6,4.27,29.2,53.35,42.2,20.4,838.0,500.3,35.72,50.73,35.28,83.76,4,37.88,85.7,83.3,79.06,78.55,85.7,83.3,79.06,78.55
Dire_Dawa,2019,664.6,69.2,81.88,55.51,34.25,166.7,25.45,43.04,4.89,23.0,53.05,38.24,22.5,1039.0,496.8,35.20666666666667,52.23,32.46,85.17,4,35.28,83.76,84.87666666666667,79.52,80.15333333333332,83.76,84.87666666666667,79.52,80.15333333333332
Dire_Dawa,2020,650.0,74.88,78.49,52.92,33.06,214.2,26.18,38.5,3.65,37.3,57.01,40.63,22.3,1032.0,503.8,33.34,50.55,32.28,80.96,4,32.46,85.17,83.29666666666667,81.88,79.96333333333332,85.17,83.29666666666667,81.88,79.96333333333332
Dire_Dawa,2021,665.0,74.74,79.53,51.96,33.88,116.1,31.09,42.59,4.41,49.7,51.94,36.62,19.8,786.0,532.9,30.11,56.86,25.59,88.52,4,32.28,80.96,84.88333333333334,78.49,79.96666666666667,80.96,84.88333333333334,78.49,79.96666666666667
Dire_Dawa,2022,659.9,73.34,81.38,62.9,37.38,158.7,31.05,40.47,3.98,19.6,54.07,40.99,22.2,830.0,477.7,30.47,53.36,33.54,82.75,4,25.59,88.52,84.07666666666667,79.53,79.8,88.52,84.07666666666667,79.53,79.8
Dire_Dawa,2023,654.1,74.81,80.35,57.03,32.7,155.2,22.41,46.1,4.55,45.9,55.09,39.43,20.5,975.0,498.7,28.103333333333335,52.43,25.18,87.9,4,33.54,82.75,86.38999999999999,81.38,80.42,82.75,86.38999999999999,81.38,80.42
Gambela,2014,221.9,31.67,34.97,33.92,29.17,215.8,37.79,17.0,3.17,44.2,37.04,18.1,21.8,853.0,171.5,78.325,82.73,74.14,34.24,5,82.51,38.1,36.17,29.6,32.285,38.1,36.17,29.6,32.285
Gambela,2015,223.6,31.43,37.58,35.5,20.51,174.1,33.38,19.9,4.93,42.2,40.6,14.06,23.3,639.0,185.2,77.24333333333334,83.98,75.08,44.83,5,74.14,34.24,39.056666666666665,34.97,34.050000000000004,34.24,39.056666666666665,34.97,34.050000000000004
Gambela,2016,221.3,31.85,37.13,38.78,21.51,226.2,35.85,20.5,4.68,37.2,41.44,16.74,23.2,924.0,118.7,74.84666666666668,81.3,75.32,47.24,5,75.08,44.83,42.10333333333333,37.58,36.56,44.83,42.10333333333333,37.58,36.56
Gambela,2017,219.1,33.43,36.17,38.77,25.6,231.9,29.07,18.14,3.94,49.4,31.46,28.45,23.1,830.0,211.4,76.18333333333334,83.31,78.15,42.98,5,75.32,47.24,45.01666666666667,37.13,36.96,47.24,45.01666666666667,37.13,36.96
Gambela,2018,221.2,31.52,41.91,34.43,22.27,162.5,36.17,19.43,4.29,41.4,49.06,25.38,19.5,847.0,157.8,76.26,79.99,75.31,44.14,5,78.15,42.98,44.78666666666667,36.17,38.403333333333336,42.98,44.78666666666667,36.17,38.403333333333336
Gambela,2019,228.3,38.92,40.62,42.23,24.8,195.8,33.28,23.02,4.33,50.7,37.87,18.14,20.9,775.0,144.1,74.54333333333334,79.47,70.17,47.36,5,75.31,44.14,44.82666666666666,41.91,39.56666666666666,44.14,44.82666666666666,41.91,39.56666666666666
Gambela,2020,222.9,32.55,42.91,39.34,25.23,234.8,34.11,17.79,4.35,39.0,39.28,26.28,23.7,832.0,137.8,72.81333333333333,83.59,72.96,50.14,5,70.17,47.36,47.21333333333333,40.62,41.81333333333333,47.36,47.21333333333333,40.62,41.81333333333333
Gambela,2021,232.6,37.32,37.3,46.99,25.04,189.0,34.25,20.88,3.57,44.5,44.62,16.23,25.1,1024.0,162.2,72.37666666666667,82.0,74.0,49.48,5,72.96,50.14,48.99333333333333,42.91,40.276666666666664,50.14,48.99333333333333,42.91,40.276666666666664
Gambela,2022,228.5,36.58,42.47,38.92,29.34,232.2,33.38,18.03,4.03,49.1,42.55,27.06,23.6,994.0,185.8,73.60000000000001,81.71,73.84,48.27,5,74.0,49.48,49.29666666666666,37.3,40.893333333333324,49.48,49.29666666666666,37.3,40.893333333333324
Gambela,2023,225.2,34.91,38.34,43.57,22.53,190.9,32.78,23.24,4.07,57.2,46.92,23.56,20.0,383.0,131.8,72.65,84.07,70.11,50.78,5,73.84,48.27,49.51,42.47,39.37,48.27,49.51,42.47,39.37
Harari,2014,596.7,64.44,74.6,49.18,32.6,148.8,31.15,40.28,4.23,36.9,55.29,36.7,22.0,752.0,482.3,49.41,51.84,47.29,78.17,6,51.53,78.43,78.30000000000001,70.94,72.77,78.43,78.30000000000001,70.94,72.77
Harari,2015,602.9,64.39,76.33,44.6,37.63,147.0,24.9,38.72,5.24,38.1,47.29,38.76,23.5,908.0,501.5,45.973333333333336,58.28,39.1,83.45,6,47.29,78.17,80.01666666666667,74.6,73.95666666666666,78.17,80.01666666666667,74.6,73.95666666666666
Harari,2016,611.4,62.32,76.02,48.25,33.68,213.1,21.78,39.86,5.16,36.5,53.69,36.55,22.7,746.0,443.5,42.67333333333334,56.06,41.63,80.46,6,39.1,83.45,80.69333333333333,76.33,75.64999999999999,83.45,80.69333333333333,76.33,75.64999999999999
Harari,2017,603.5,71.34,78.75,46.64,33.83,171.9,28.09,43.42,4.59,40.3,48.46,35.34,23.2,489.0,486.0,40.64000000000001,55.06,41.19,81.17,6,41.63,80.46,81.69333333333333,76.02,77.03333333333333,80.46,81.69333333333333,76.02,77.03333333333333
Harari,2018,597.1,69.41,76.57,48.22,34.87,244.7,27.95,41.51,4.64,32.3,47.04,34.38,19.2,1141.0,476.5,39.79,56.33,36.55,79.25,6,41.19,81.17,80.29333333333334,78.75,77.11333333333333,81.17,80.29333333333334,78.75,77.11333333333333
Harari,2019,623.1,71.31,78.15,53.31,33.6,178.0,24.91,40.89,4.06,38.6,51.56,44.62,21.9,519.0,476.0,37.699999999999996,57.51,35.36,77.69,6,36.55,79.25,79.37,76.57,77.82333333333334,79.25,79.37,76.57,77.82333333333334
Harari,2020,596.0,69.29,77.51,53.22,34.87,148.5,27.18,41.07,4.67,38.8,54.81,40.03,22.8,891.0,432.5,36.52333333333333,55.72,37.66,82.06,6,35.36,77.69,79.66666666666667,78.15,77.41000000000001,77.69,79.66666666666667,78.15,77.41000000000001
Harari,2021,607.5,73.01,78.59,52.37,35.92,169.7,27.63,40.98,4.97,40.6,60.83,35.44,23.0,694.0,453.9,38.25666666666666,55.21,41.75,85.28,6,37.66,82.06,81.67666666666666,77.51,78.08333333333333,82.06,81.67666666666666,77.51,78.08333333333333
Harari,2022,619.5,65.98,79.42,54.56,35.98,192.2,26.49,41.4,4.22,29.0,55.43,34.68,21.2,601.0,496.5,36.73666666666667,53.05,30.8,84.66,6,41.75,85.28,84.0,78.59,78.50666666666667,85.28,84.0,78.59,78.50666666666667
Harari,2023,620.6,71.66,81.5,56.47,37.12,101.3,26.89,42.43,4.14,51.8,53.09,38.88,23.1,682.0,424.6,34.550000000000004,56.54,31.1,83.4,6,30.8,84.66,84.44666666666667,79.42,79.83666666666666,84.66,84.44666666666667,79.42,79.83666666666666
Kikuyu_Central,2014,2774.7,86.9,100.0,100.0,87.67,0.0,0.0,56.64,6.96,0.0,100.0,100.0,25.4,578.0,2269.3,9.844999999999999,30.06,7.67,100.0,7,12.02,100.0,100.0,100.0,100.0,100.0,100.0,100.0,100.0
Kikuyu_Central,2015,2814.8,91.58,100.0,100.0,79.9,0.0,0.0,53.9,6.64,0.0,100.0,100.0,21.3,700.0,2234.9,8.62,30.73,6.17,100.0,7,7.67,100.0,100.0,100.0,100.0,100.0,100.0,100.0,100.0
Kikuyu_Central,2016,2935.0,91.75,100.0,100.0,79.05,0.0,0.0,54.56,6.44,0.0,100.0,100.0,21.2,1217.0,2252.9,6.28,30.81,5.0,100.0,7,6.17,100.0,100.0,100.0,100.0,100.0,100.0,100.0,100.0
Kikuyu_Central,2017,2873.0,92.8,100.0,100.0,85.15,0.0,0.0,48.94,6.69,0.0,100.0,100.0,23.3,852.0,2275.9,5.776666666666666,31.76,6.16,100.0,7,5.0,100.0,100.0,100.0,100.0,100.0,100.0,100.0,100.0
Kikuyu_Central,2018,2800.2,90.02,100.0,100.0,84.43,0.0,0.0,54.33,6.71,0.0,100.0,100.0,24.6,842.0,2235.2,5.386666666666667,29.42,5.0,100.0,7,6.16,100.0,100.0,100.0,100.0,100.0,100.0,100.0,100.0
Kikuyu_Central,2019,2945.0,97.81,100.0,100.0,86.3,0.0,0.0,55.54,6.55,4.6,100.0,100.0,21.7,928.0,2238.1,5.386666666666667,31.11,5.0,100.0,7,5.0,100.0,100.0,100.0,100.0,100.0,100.0,100.0,100.0
Kikuyu_Central,2020,2800.3,93.52,100.0,100.0,87.89,0.0,0.0,56.28,6.94,0.0,100.0,100.0,21.3,725.0,2210.6,5.0,30.0,5.0,100.0,7,5.0,100.0,100.0,100.0,100.0,100.0,100.0,100.0,100.0
Kikuyu_Central,2021,2973.6,97.47,100.0,100.0,91.7,0.0,0.0,49.72,7.39,6.3,100.0,100.0,20.5,877.0,2273.7,5.0,31.61,5.0,100.0,7,5.0,100.0,100.0,100.0,100.0,100.0,100.0,100.0,100.0
Kikuyu_Central,2022,2865.1,94.89,100.0,100.0,89.86,0.0,0.0,54.74,7.25,0.0,100.0,100.0,24.1,819.0,2224.7,5.0,30.75,5.0,100.0,7,5.0,100.0,100.0,100.0,100.0,100.0,100.0,100.0,100.0
Kikuyu_Central,2023,2866.1,90.66,100.0,100.0,94.15,0.0,0.0,57.7,6.39,0.0,100.0,100.0,22.3,860.0,2216.5,5.0,34.13,5.0,100.0,7,5.0,100.0,100.0,100.0,100.0,100.0,100.0,100.0,100.0
Lac_Victoria,2014,382.0,56.98,59.6,37.83,20.96,257.2,29.79,29.83,3.27,39.2,43.15,28.65,19.2,596.0,333.5,54.89,59.64,55.74,62.21,8,54.04,60.21,61.21,58.76,59.18,60.21,61.21,58.76,59.18
Lac_Victoria,2015,401.8,46.03,60.18,48.57,23.12,192.4,31.47,26.0,5.24,34.8,45.85,26.74,24.5,981.0,313.0,52.620000000000005,63.2,48.08,67.85,8,55.74,62.21,63.423333333333325,59.6,59.51333333333333,62.21,63.423333333333325,59.6,59.51333333333333
Lac_Victoria,2016,413.6,54.88,66.58,45.16,20.94,175.2,34.02,32.43,4.99,45.2,41.93,25.11,22.2,437.0,370.2,49.95666666666667,63.84,46.05,69.49,8,48.08,67.85,66.51666666666667,60.18,62.120000000000005,67.85,66.51666666666667,60.18,62.120000000000005
Lac_Victoria,2017,394.2,57.51,64.53,39.16,28.08,223.0,30.2,34.73,3.57,30.0,45.74,28.08,20.6,1062.0,335.9,48.51,61.82,51.4,64.41,8,46.05,69.49,67.24999999999999,66.58,63.76333333333334,69.49,67.24999999999999,66.58,63.76333333333334
Lac_Victoria,2018,399.5,62.32,64.46,40.33,31.1,198.8,34.55,35.15,4.57,37.3,48.76,28.5,23.4,469.0,333.4,48.94333333333333,64.48,49.38,68.83,8,51.4,64.41,67.57666666666665,64.53,65.19,64.41,67.57666666666665,64.53,65.19
Lac_Victoria,2019,399.2,61.67,61.85,47.9,32.17,174.9,29.61,33.08,4.62,38.8,47.95,29.92,20.0,1004.0,345.9,47.910000000000004,63.73,42.95,70.29,8,49.38,68.83,67.84333333333333,64.46,63.61333333333334,68.83,67.84333333333333,64.46,63.61333333333334
Lac_Victoria,2020,399.5,55.71,67.37,44.64,27.16,214.1,31.04,30.13,4.97,35.3,46.66,30.84,22.4,1119.0,334.4,46.833333333333336,65.27,48.17,70.05,8,42.95,70.29,69.72333333333334,61.85,64.56,70.29,69.72333333333334,61.85,64.56
Lac_Victoria,2021,411.6,59.6,64.16,46.23,27.25,189.5,35.21,30.59,3.42,37.3,42.43,28.73,23.0,722.0,277.2,43.870000000000005,63.29,40.49,70.62,8,48.17,70.05,70.32000000000001,67.37,64.46000000000001,70.05,70.32000000000001,67.37,64.46000000000001
Lac_Victoria,2022,418.4,62.86,66.19,46.41,28.93,170.5,32.01,36.97,3.73,35.1,51.96,33.56,21.3,1071.0,330.2,44.77,62.11,45.65,77.49,8,40.49,70.62,72.72,64.16,65.90666666666667,70.62,72.72,64.16,65.90666666666667
Lac_Victoria,2023,412.4,62.17,70.35,57.89,29.54,171.8,29.49,36.39,4.83,38.0,50.06,26.47,22.4,991.0,371.2,42.34,60.08,40.88,69.92,8,45.65,77.49,72.67666666666668,66.19,66.89999999999999,77.49,72.67666666666668,66.19,66.89999999999999
Mombasa_Cote,2014,1202.3,70.03,87.73,64.59,43.94,83.9,18.08,44.93,4.33,36.7,77.99,58.64,20.7,1465.0,920.4,30.71,45.27,31.67,88.1,9,29.75,91.28,89.69,88.84,88.285,91.28,89.69,88.84,88.285
Mombasa_Cote,2015,1184.4,72.57,90.3,71.19,44.11,79.2,19.77,42.8,4.57,24.7,71.21,53.76,22.7,691.0,1011.3,28.94666666666667,44.4,25.42,87.51,9,31.67,88.1,88.96333333333332,87.73,88.95666666666666,88.1,88.96333333333332,87.73,88.95666666666666
Mombasa_Cote,2016,1210.2,73.75,86.53,69.08,45.17,58.4,18.92,44.7,4.81,41.2,71.76,56.39,23.7,980.0,971.8,27.313333333333333,45.68,24.85,90.49,9,25.42,87.51,88.7,90.3,88.18666666666667,87.51,88.7,90.3,88.18666666666667
Mombasa_Cote,2017,1204.0,80.37,92.12,69.58,45.26,81.6,9.38,43.94,5.27,25.6,71.57,60.13,24.0,862.0,942.8,26.05666666666667,45.87,27.9,89.09,9,24.85,90.49,89.03000000000002,86.53,89.64999999999999,90.49,89.03000000000002,86.53,89.64999999999999
Mombasa_Cote,2018,1226.1,73.02,94.27,66.64,41.69,126.0,14.85,45.1,5.19,18.2,72.36,56.8,24.8,629.0,954.1,25.72666666666667,45.86,24.43,90.23,9,27.9,89.09,89.93666666666667,92.12,90.97333333333334,89.09,89.93666666666667,92.12,90.97333333333334
Mombasa_Cote,2019,1222.3,78.35,95.64,67.38,47.72,102.4,17.88,44.84,5.3,13.0,78.67,60.51,23.4,733.0,969.2,24.956666666666667,45.68,22.54,93.29,9,24.43,90.23,90.87,94.27,94.00999999999999,90.23,90.87,94.27,94.00999999999999
Mombasa_Cote,2020,1195.6,75.55,90.49,81.89,47.39,126.7,15.68,49.18,4.33,26.8,68.62,53.98,22.6,928.0,951.5,23.123333333333335,49.65,22.4,92.93,9,22.54,93.29,92.15000000000002,95.64,93.46666666666665,93.29,92.15000000000002,95.64,93.46666666666665
Mombasa_Cote,2021,1235.9,77.69,97.45,81.28,51.73,110.1,9.09,44.88,6.55,24.2,77.31,66.33,22.4,732.0,886.9,22.39,43.78,22.23,93.63,9,22.4,92.93,93.28333333333335,90.49,94.52666666666669,92.93,93.28333333333335,90.49,94.52666666666669
Mombasa_Cote,2022,1233.2,80.01,94.53,79.29,46.81,52.8,15.67,45.97,5.28,36.9,73.79,62.14,19.8,1064.0,965.5,22.63,42.14,23.26,92.33,9,22.23,93.63,92.96333333333332,97.45,94.15666666666668,93.63,92.96333333333332,97.45,94.15666666666668
Mombasa_Cote,2023,1244.6,76.41,94.3,66.5,51.16,83.6,24.78,44.21,4.74,21.5,75.73,61.59,23.2,704.0,918.6,21.416666666666668,41.66,18.76,94.93,9,23.26,92.33,93.63,94.53,95.42666666666666,92.33,93.63,94.53,95.42666666666666
Oromia,2014,351.1,64.41,55.78,46.4,23.63,235.2,34.32,31.83,4.46,28.1,43.98,25.39,23.3,1012.0,291.0,55.435,65.68,56.1,69.96,10,54.77,66.61,68.285,54.2,54.99,66.61,68.285,54.2,54.99
Oromia,2015,350.4,56.74,54.48,47.36,26.55,267.2,30.37,32.84,4.47,48.2,42.02,22.38,23.8,944.0,252.5,56.59666666666667,68.76,58.92,67.9,10,56.1,69.96,68.15666666666667,55.78,54.82,69.96,68.15666666666667,55.78,54.82
Oromia,2016,347.1,57.49,56.14,46.67,20.27,251.1,32.01,33.48,4.04,40.7,47.42,18.04,24.6,868.0,243.8,56.77333333333333,69.51,55.3,65.61,10,58.92,67.9,67.82333333333334,54.48,55.46666666666667,67.9,67.82333333333334,54.48,55.46666666666667
Oromia,2017,356.6,55.39,60.72,39.56,28.65,234.8,34.6,34.92,5.23,43.0,40.12,27.35,26.2,597.0,269.2,55.949999999999996,66.92,53.63,73.26,10,55.3,65.61,68.92333333333333,56.14,57.11333333333334,65.61,68.92333333333333,56.14,57.11333333333334
Oromia,2018,356.6,56.29,58.33,45.2,29.06,214.3,32.99,33.32,3.8,49.7,46.91,21.86,25.2,915.0,322.0,54.586666666666666,64.95,54.83,71.15,10,53.63,73.26,70.00666666666667,60.72,58.39666666666667,73.26,70.00666666666667,60.72,58.39666666666667
Oromia,2019,361.2,59.07,54.79,49.59,23.26,245.9,32.15,37.98,4.69,41.9,43.11,25.98,22.9,815.0,262.2,52.51333333333333,67.12,49.08,72.89,10,54.83,71.15,72.43333333333334,58.33,57.94666666666666,71.15,72.43333333333334,58.33,57.94666666666666
Oromia,2020,349.3,55.54,55.94,39.74,24.42,252.6,31.42,35.46,4.55,44.0,44.93,23.91,24.9,1161.0,229.5,51.98,66.58,52.03,73.88,10,49.08,72.89,72.64,54.79,56.35333333333333,72.89,72.64,54.79,56.35333333333333
Oromia,2021,373.6,64.97,57.27,49.77,30.27,174.1,30.55,35.56,4.78,44.1,40.94,25.59,21.9,785.0,339.2,51.60666666666666,67.76,53.71,79.14,10,52.03,73.88,75.30333333333333,55.94,56.0,73.88,75.30333333333333,55.94,56.0
Oromia,2022,362.9,63.91,57.01,45.77,28.66,112.0,35.05,35.95,4.24,59.4,44.14,27.29,26.0,634.0,263.5,51.44,68.26,48.58,70.64,10,53.71,79.14,74.55333333333333,57.27,56.74,79.14,74.55333333333333,57.27,56.74
Oromia,2023,356.2,62.77,60.5,48.34,22.42,216.9,33.76,38.77,4.57,51.8,48.07,33.04,23.0,780.0,348.2,49.49666666666667,67.86,46.2,72.44,10,48.58,70.64,74.07333333333332,57.01,58.26,70.64,74.07333333333332,57.01,58.26
SNNPR,2014,313.8,50.62,50.3,46.08,25.21,189.5,41.06,31.43,4.96,42.4,42.77,25.82,24.4,1011.0,282.2,61.455,68.14,61.61,65.95,11,61.3,64.73,65.34,48.58,49.44,64.73,65.34,48.58,49.44
SNNPR,2015,328.7,56.96,49.73,38.32,23.38,221.2,32.03,33.9,4.53,43.9,37.36,19.85,22.6,373.0,286.4,62.873333333333335,73.86,65.71,62.88,11,61.61,65.95,64.52,50.3,49.53666666666666,65.95,64.52,50.3,49.53666666666666
SNNPR,2016,329.3,58.51,47.21,35.02,22.33,226.5,35.09,33.64,3.72,25.1,44.74,21.82,18.0,829.0,279.8,62.03,68.31,58.77,62.83,11,65.71,62.88,63.88666666666666,49.73,49.080000000000005,62.88,63.88666666666666,49.73,49.080000000000005
SNNPR,2017,319.3,55.76,52.73,43.34,21.61,200.6,27.07,32.16,5.03,31.8,40.91,25.79,24.5,710.0,235.2,62.4,69.16,62.72,66.94,11,58.77,62.83,64.21666666666667,47.21,49.88999999999999,62.83,64.21666666666667,47.21,49.88999999999999
SNNPR,2018,326.9,54.97,53.17,46.46,25.68,203.5,30.67,34.71,4.65,39.2,46.17,23.81,20.4,648.0,202.9,58.56333333333333,66.25,54.2,61.91,11,62.72,66.94,63.89333333333334,52.73,51.03666666666667,66.94,63.89333333333334,52.73,51.03666666666667
SNNPR,2019,324.8,54.82,51.44,38.98,26.79,183.5,34.55,30.63,4.41,54.0,45.43,24.56,22.5,752.0,256.2,57.85,68.75,56.63,65.07,11,54.2,61.91,64.64,53.17,52.446666666666665,61.91,64.64,53.17,52.446666666666665
SNNPR,2020,317.8,51.8,51.77,44.8,23.12,212.4,33.7,28.76,4.65,50.1,41.19,27.56,20.3,820.0,218.1,55.61333333333334,68.43,56.01,67.4,11,56.63,65.07,64.79333333333334,51.44,52.126666666666665,65.07,64.79333333333334,51.44,52.126666666666665
SNNPR,2021,325.1,58.21,55.09,45.4,24.19,229.2,30.07,33.98,4.91,47.4,44.06,25.22,24.1,515.0,226.9,56.02333333333333,70.86,55.43,67.55,11,56.01,67.4,66.67333333333333,51.77,52.76666666666667,67.4,66.67333333333333,51.77,52.76666666666667
SNNPR,2022,324.7,56.07,54.63,39.68,31.43,215.8,36.87,32.37,4.25,32.1,43.59,28.78,24.6,579.0,245.0,55.43,66.91,54.85,68.02,11,55.43,67.55,67.65666666666667,55.09,53.830000000000005,67.55,67.65666666666667,55.09,53.830000000000005
SNNPR,2023,326.7,56.63,55.37,44.8,25.88,166.1,34.56,36.91,4.39,51.6,41.5,28.27,19.8,505.0,233.8,54.20666666666667,70.43,52.34,66.9,11,54.85,68.02,67.49,54.63,55.03,68.02,67.49,54.63,55.03
Somali,2014,198.2,22.39,30.75,38.0,21.32,194.1,33.36,17.1,3.83,59.2,36.44,18.51,24.1,1054.0,156.7,84.64500000000001,87.92,86.42,34.52,12,82.87,31.02,32.77,28.93,29.84,31.02,32.77,28.93,29.84
Somali,2015,203.7,28.52,31.95,38.91,16.24,145.1,37.17,13.61,3.94,47.9,37.49,22.38,22.2,651.0,189.7,83.69666666666667,88.79,81.8,31.84,12,86.42,34.52,32.46,30.75,30.543333333333333,34.52,32.46,30.75,30.543333333333333
Somali,2016,201.9,25.84,32.83,30.82,19.9,244.8,35.11,13.61,4.69,40.3,33.54,19.02,21.0,607.0,154.7,84.57,87.99,85.49,39.63,12,81.8,31.84,35.330000000000005,31.95,31.843333333333334,31.84,35.330000000000005,31.95,31.843333333333334
Somali,2017,203.5,23.67,34.71,36.33,20.16,228.8,43.05,12.97,3.99,45.5,39.85,20.79,24.6,315.0,88.4,82.46999999999998,89.65,80.12,28.05,12,85.49,39.63,33.17333333333333,32.83,33.163333333333334,39.63,33.17333333333333,32.83,33.163333333333334
Somali,2018,204.0,22.73,30.04,35.29,22.33,196.2,37.48,8.99,3.77,37.0,38.4,18.89,23.6,428.0,161.4,82.37333333333333,90.78,81.51,36.81,12,80.12,28.05,34.83,34.71,32.526666666666664,28.05,34.83,34.71,32.526666666666664
Somali,2019,194.0,29.33,34.91,44.38,18.28,227.6,41.61,15.84,4.34,46.1,34.95,25.07,20.8,901.0,113.1,80.65333333333332,90.15,80.33,41.04,12,81.51,36.81,35.300000000000004,30.04,33.22,36.81,35.300000000000004,30.04,33.22
Somali,2020,196.8,30.28,35.22,42.96,22.88,162.7,36.49,19.69,4.45,45.5,43.39,22.13,22.4,582.0,167.0,81.49,86.75,82.63,39.08,12,80.33,41.04,38.97666666666667,34.91,33.38999999999999,41.04,38.97666666666667,34.91,33.38999999999999
Somali,2021,208.8,27.54,36.44,39.5,23.02,220.8,36.87,11.61,3.64,53.4,40.27,20.43,19.3,584.0,99.3,79.97333333333333,87.1,76.96,38.52,12,82.63,39.08,39.54666666666667,35.22,35.52333333333333,39.08,39.54666666666667,35.22,35.52333333333333
Somali,2022,213.8,24.66,37.75,45.06,21.26,209.1,34.63,16.27,4.95,50.8,42.69,21.21,19.0,758.0,196.2,79.49999999999999,86.42,78.91,39.34,12,76.96,38.52,38.98,36.44,36.47,38.52,38.98,36.44,36.47
Somali,2023,204.3,25.9,37.55,44.48,20.08,152.1,34.11,17.66,4.1,42.3,41.8,17.76,23.0,877.0,147.7,78.58,86.31,79.87,41.72,12,78.91,39.34,39.86000000000001,37.75,37.24666666666666,39.34,39.86000000000001,37.75,37.24666666666666
Tigray,2014,545.5,62.41,67.62,45.06,33.99,182.3,32.98,34.69,4.84,33.1,44.59,33.16,24.0,631.0,395.0,49.535,58.87,48.1,77.0,13,50.97,75.05,76.025,68.05,67.83500000000001,75.05,76.025,68.05,67.83500000000001
Tigray,2015,573.7,64.27,65.94,42.89,28.76,178.9,31.88,38.72,3.96,40.4,51.35,37.58,23.8,952.0,441.8,47.28666666666667,60.87,42.79,74.0,13,48.1,77.0,75.35000000000001,67.62,67.20333333333333,77.0,75.35000000000001,67.62,67.20333333333333
Tigray,2016,559.1,68.09,69.46,40.27,28.71,213.4,30.61,38.96,4.41,28.8,51.38,31.0,26.4,914.0,422.6,45.24666666666667,58.86,44.85,79.25,13,42.79,74.0,76.75,65.94,67.67333333333333,74.0,76.75,65.94,67.67333333333333
Tigray,2017,548.6,70.87,69.71,53.41,28.53,193.9,29.93,34.62,5.56,49.3,49.14,30.69,22.7,817.0,450.7,44.95000000000001,59.76,47.21,80.27,13,44.85,79.25,77.83999999999999,69.46,68.36999999999999,79.25,77.83999999999999,69.46,68.36999999999999
Tigray,2018,573.2,70.92,72.74,46.34,31.48,117.5,30.66,37.6,5.51,32.8,45.77,33.09,18.0,950.0,378.0,43.843333333333334,55.88,39.47,83.45,13,47.21,80.27,80.99,69.71,70.63666666666666,80.27,80.99,69.71,70.63666666666666
Tigray,2019,550.4,66.71,70.8,53.22,27.05,194.8,20.89,37.74,4.31,44.1,51.4,30.78,20.0,840.0,437.6,43.64666666666667,58.28,44.26,77.7,13,39.47,83.45,80.47333333333333,72.74,71.08333333333333,83.45,80.47333333333333,72.74,71.08333333333333
Tigray,2020,585.4,63.33,52.75,54.97,29.51,164.5,26.66,38.78,5.35,45.4,54.42,31.25,19.7,232.0,415.7,50.099999999999994,59.78,66.57,66.71,13,44.26,77.7,75.95333333333333,70.8,65.43,77.7,75.95333333333333,70.8,65.43
Tigray,2021,565.5,70.7,52.14,53.53,34.75,158.5,31.1,45.23,4.5,42.1,50.12,36.54,22.9,839.0,409.4,58.97333333333333,61.19,66.09,68.36,13,66.57,66.71,70.92333333333333,52.75,58.56333333333333,66.71,70.92333333333333,52.75,58.56333333333333
Tigray,2022,573.1,70.04,52.15,54.11,29.37,149.0,29.57,40.49,3.96,47.4,54.55,34.39,18.9,771.0,426.6,63.81999999999999,58.46,58.8,65.52,13,66.09,68.36,66.86333333333333,52.14,52.346666666666664,68.36,66.86333333333333,52.14,52.346666666666664
Tigray,2023,573.5,67.91,55.39,45.69,36.68,158.3,31.58,40.36,5.12,35.9,50.04,41.26,21.8,844.0,477.0,62.03,59.89,61.2,68.35,13,58.8,65.52,67.41000000000001,52.15,53.22666666666667,65.52,67.41000000000001,52.15,53.22666666666667
